County,Town,Date/Time,Distance,Name,Cost,Results,Timing Co./Results Site,DateTime,Month,Day,Weekday
NL,Colchester,"Mon, 01/01 10:00",5K,Resolution Run,"$20, $15 for students",Results,Last Mile,2018-01-01T10:00:00Z,1,1,1
NH,Orange,"Mon, 01/01 10:30",5K,Chilly Chili Run,"$22 through 12/16, $27 afterwards; Ages 12 & under - $12, $15 raceday",Results,Fast Track,2018-01-01T10:30:00Z,1,1,1
NH,Guilford,"Mon, 01/01 11:00",5K,Frosty 5K,"$25, $30 raceday",Results,Rat Race,2018-01-01T11:00:00Z,1,1,1
F,Brookfield,"Mon, 01/01 11:00",4M,Brookfield Lions Run for Sight,"$20 through 12/15, $25 afterwards",Results,Greystone,2018-01-01T11:00:00Z,1,1,1
L,Litchfield,"Mon, 01/01 11:00",5M,Milton Resolution Run,"$15, $20 raceday",Results,Greystone,2018-01-01T11:00:00Z,1,1,1
NL,Stonington,"Sat, 01/13 08:00",5M,Kelley's Pace Frostbite 5M,"$30, $20 students 12-19",Results,SNERRO,2018-01-13T08:00:00Z,1,13,6
NH,Hamden,"Sun, 01/14 09:00",5K,Save the Parade,"$27, $32 race day, $15 police/fire/veterans",Results,SNERRO,2018-01-14T09:00:00Z,1,14,7
F,Norwalk,"Sun, 01/14 10:00",10K,Boston Build-Up Series,"$47 pre, $50 post ($45 online) for the four race Series.  $20 ($18 online) for first individual race (subsequent races $17/$15) - RESCHEDULED from 1/7",Results,ClubCT,2018-01-14T10:00:00Z,1,14,7
L,Barkhamsted,"Sun, 01/14 10:00",17.1M,People's Forest 8.5/17 Miler,.$2,Results,HTC,2018-01-14T10:00:00Z,1,14,7
L,Barkhamsted,"Sun, 01/14 10:00",8.55M,People's Forest 8.5/17 Miler,.$2,Results,HTC,2018-01-14T10:00:00Z,1,14,7
NH,Meriden,"Sun, 01/14 10:30",5K or 10K,Tradition Run,"Free.  Walkers at 10, runners at 10:30. 5K if you only go up...10K if you also run down!",NA,not timed - but it counts for 169,2018-01-14T10:30:00Z,1,14,7
F,Ridgefield,"Sun, 01/21 09:00",15K,Boston Build-Up Series,"$47 pre, $50 post ($45 online) for the four race Series.  $20 ($18 online) for first individual race (subsequent races $17/$15)",Results,ClubCT,2018-01-21T09:00:00Z,1,21,7
NH,Beacon Falls,"Sat, 01/27 12:00",5K,Shiver & Quiver Run,"$20, $10 students, $5 kids",Results,Coolrunnings,2018-01-27T12:00:00Z,1,27,6
NH,Beacon Falls,"Sat, 01/27 12:00",1M,Shiver & Quiver Run,"$20, $10 students, $5 kids",Results,Coolrunnings,2018-01-27T12:00:00Z,1,27,6
NH,Milford,"Sun, 01/28 09:30",5M,Winter Wonderland,.$20,Results,Last Mile,2018-01-28T09:30:00Z,1,28,7
H,East Hartford,"Sun, 01/28 13:30",5K,Aselton Snow Dash,"$20 thru 12/26, $25 after RESCHEDULED from 1/7",Results,Platt,2018-01-28T13:30:00Z,1,28,7
T,Stafford,"Sat, 02/03 11:00",5k,Stafford Springs February Fun Run,.$20 SOLD OUT,Results,Empire TC,2018-02-03T11:00:00Z,2,3,6
W,Pomfret,"Sat, 02/03 13:00",5k,February Freeze,"$25, $75 for family (up to 5)",Results,Last Mile,2018-02-03T13:00:00Z,2,3,6
NH,New Haven,"Sun, 02/04 10:00",5K,IRIS Run for Refugees,"Adult - $25 through 12/1, $30 through 12/31, $32 through 2/3, $35 raceday;
18 and under - $15 through 12/1, $20 through 12/31, $22 through 2/3, $25 raceday",Results,JB Sports,2018-02-04T10:00:00Z,2,4,7
W,Windham,"Sat, 02/10 10:00",2M,Cupid Made Me Do It,.$25,Results,First Mile,2018-02-10T10:00:00Z,2,10,6
H,Glastonbury,"Sun, 02/11 09:00",10M,King of Pain,.$40 Open to the public 1/8 for registration,Results,Its Your Race,2018-02-11T09:00:00Z,2,11,7
F,Fairfield,"Sun, 02/11 09:00",20K,Boston Build-Up Series,"$47 pre, $50 post ($45 online) for the four race Series.  $20 ($18 online) for first individual race (subsequent races $17/$15)",Results,ClubCT,2018-02-11T09:00:00Z,2,11,7
L,Litchfield,"Sat, 02/17 11:00",5M,Sweetheart Run & Walk,"$25 thru 2/7, $30 afterwards; $10 under 10. Over 80 free",Results,Fast Track,2018-02-17T11:00:00Z,2,17,6
F,Danbury,"Sun, 02/18 10:00",5K,Big Chili 5K,.$25,Results,Greystone,2018-02-18T10:00:00Z,2,18,7
NL,Griswold,"Sun, 02/18 10:00",2M,A Mile Or Two In My Shoes Race,"$20, $25 raceday",Results,Time To TRI,2018-02-18T10:00:00Z,2,18,7
NL,Colchester,"Sat, 02/24 10:00",13.1M,Colchester Half Marathon,"$14, $20 raceday",Results,Last Mile,2018-02-24T10:00:00Z,2,24,6
F,Stratford,"Sat, 02/24 10:00",3M,Last Chance for Romance,.$23,Results,ClubCT,2018-02-24T10:00:00Z,2,24,6
NL,Stonington,"Sat, 03/03 08:00",5K,Kelley's Pace Hare Hop 5K,"$25, $15 students 5-19",Results,SNERRO,2018-03-03T08:00:00Z,3,3,6
H,South Windsor,"Sat, 03/03 08:00",4M,South Windsor Main Street 4 Miler,".$15, $20 raceday",Results,Platt,2018-03-03T08:00:00Z,3,3,6
F,Norwalk,"Sun, 03/04 09:00",25K,Boston Build-Up Series,"$47 pre, $50 post ($45 online) for the four race Series.  $20 ($18 online) for first individual race (subsequent races $17/$15)",Results,ClubCT,2018-03-04T09:00:00Z,3,4,7
NH,New Haven,"Sun, 03/04 09:00",5K,99.1 PLR Shamrock Run,"$28 through 1/1, $30 through 2/8, $32 through 3/3, $35 day of",Results,JB Sports,2018-03-04T09:00:00Z,3,4,7
H,Southington,"Sat, 03/10 10:00",5K,O'Shenanigans 5K,"$25 through 1/4, $30 through 2/27, $35 afterwards; Ages 18-22 - $5 off; Ages 5 - 17 - $15 through 2/27, $20 afterwards [800 Runner Limit]",Results,HMF,2018-03-10T10:00:00Z,3,10,6
L,Watertown,"Sat, 03/10 10:00",3.5M,Shamrock Shuffle,"$25 (no shirt),  $40 (short sleeve shirt), $45 (long sleeve shirt)",Results,Fast Track,2018-03-10T10:00:00Z,3,10,6
F,Monroe,"Sun, 03/11 09:00",5K,Pi Day 5K,"$25, $30 day of (I put the current registration link here, as the race website with the info connects to 2017)",Results,Last Mile,2018-03-11T09:00:00Z,3,11,7
W,Putnam,"Sun, 03/11 13:00",5K,Courthouse O'Putnam 5K,"$25 through 1/4, $30 through 2/28, $35 afterwards; Ages 18-22 - $5 off; Ages 5 - 17 - $15 through 2/28, $20 afterwards",Results,HMF,2018-03-11T13:00:00Z,3,11,7
T,Bolton,"Sun, 03/11 13:00",5M,Bolton Road Race,"$20 through 12/31, $25 through 2/15, $30 through 3/10, $35 raceday",Results,Last Mile,2018-03-11T13:00:00Z,3,11,7
M,Old Saybrook,"Sat, 03/17 09:00",5K,St. Johns School Shamrock Run,".$20, $25 raceday",Results,Rat Race,2018-03-17T09:00:00Z,3,17,6
H,Bristol,"Sat, 03/17 09:15",2M,Shamrock Run,"$22 through 3/10, $25 afterwards",Results,Platt,2018-03-17T09:15:00Z,3,17,6
H,Bristol,"Sat, 03/17 09:15",5M,Shamrock Run,"$22 through 3/10, $25 afterwards",Results,Platt,2018-03-17T09:15:00Z,3,17,6
NL,East Lyme,"Sat, 03/17 09:45",5K,O'Niantic 5K,"$25, $20 18-22, $15 5-17, prices go up $5 for 18-over 1/2,  prices go up another $5 3/8",Results,HMF,2018-03-17T09:45:00Z,3,17,6
F,Fairfield,"Sun, 03/18 11:00",4M,WSSAC St. Patrick's 4 Miler,TBD,Results,Fast Track,2018-03-18T11:00:00Z,3,18,7
NH,Madison,"Sun, 03/18 11:00",5M,Leprechaun 5 Mile,"$25, $30 raceday",Results,Platt,2018-03-18T11:00:00Z,3,18,7
H,Hartford,"Sun, 03/18 13:00",5K,O'Hartford 5K,"$25, $20 18-22, $15 5-17, prices go up $5 for 18 & over 1/2,  prices go up another $5 3/9",Results,HMF,2018-03-18T13:00:00Z,3,18,7
L,Bridgewater,"Sat, 03/24 07:00",50M,NYARA Shepaug Run Raiser,"$100 until Feb. 14th, then $110",Results,Fast Track,2018-03-24T07:00:00Z,3,24,6
L,Bridgewater,"Sat, 03/24 07:00",50K,NYARA Shepaug Run Raiser,"$85 until Feb. 14th, then $95",Results,Fast Track,2018-03-24T07:00:00Z,3,24,6
L,Bridgewater,"Sat, 03/24 08:00",25K,NYARA Shepaug Run Raiser,"$50 until Feb. 14th, then $60",Results,Fast Track,2018-03-24T08:00:00Z,3,24,6
NH,West Haven,"Sat, 03/24 08:00",13.1M,Savin Rock Marathon,"$60 through 12/31, $65 through 3/21, $70 after",Results,Second Wind,2018-03-24T08:00:00Z,3,24,6
NH,West Haven,"Sat, 03/24 08:00",26.2M,Savin Rock Marathon,"$85 through 12/31, $90 through 3/21, $100 after",Results,Second Wind,2018-03-24T08:00:00Z,3,24,6
L,Bridgewater,"Sat, 03/24 09:00",10K,NYARA Shepaug Run Raiser,"$35 until Feb. 14th, then $45",Results,Fast Track,2018-03-24T09:00:00Z,3,24,6
NL,Groton,"Sat, 03/24 10:00",5K,Mystic Irish 5k Road Race,"$20 by 2/24, $25 by 3/20, $30 raceday",Results,SNERRO,2018-03-24T10:00:00Z,3,24,6
NH,Milford,"Sat, 03/24 10:00",5K,James Mattioli 5K,.$26 through 3/21,Results,Second Wind,2018-03-24T10:00:00Z,3,24,6
M,East Hampton,"Sat, 03/24 10:00",5K,Running with Scissors,"$25,  $35 raceday",Results,Its Your Race,2018-03-24T10:00:00Z,3,24,6
F,Fairfield,"Sun, 03/25 07:30",10K,Boston Blowout,".$16, $20 day of",Results,Club CT,2018-03-25T07:30:00Z,3,25,7
F,Fairfield,"Sun, 03/25 07:30",20K,Boston Blowout,".$18, $23 day of",Results,Club CT,2018-03-25T07:30:00Z,3,25,7
F,Fairfield,"Sun, 03/25 07:30",30K,Boston Blowout,".$20, $25 day of",Results,Club CT,2018-03-25T07:30:00Z,3,25,7
NH,Waterbury,"Sun, 03/25 10:00",5K/1.8M,NVCC Food Pantry Fund Raiser Run,$25 (rescheduled from 12/17),Results,NA,2018-03-25T10:00:00Z,3,25,7
H,West Hartford,"Sun, 03/25 10:30",5K,Johnny's Jog for Charity,"$35,  free for 13 and under",Results,Fast Track,2018-03-25T10:30:00Z,3,25,7
NL,Sprague,"Sat, 03/31 08:30",1M,Lickety Split Mile,"$25, $30 Race day.  One fee for one or both races",Results,SNERRO,2018-03-31T08:30:00Z,3,31,6
NL,Sprague,"Sat, 03/31 09:30",3M,St. Joseph School 3-Mile Road Race,"$25, $30 Race day.  One fee for one or both races",Results,SNERRO,2018-03-31T09:30:00Z,3,31,6
NH,Waterbury,"Sat, 03/31 08:30",5K,Chris Corbett 5k,.$25,Results,Greystone,2018-03-31T08:30:00Z,3,31,6
H,Windsor Locks,"Sat, 03/31 10:00",10K,Bradley Road Race,"$25, after 3/17 $30",Results,Last Mile,2018-03-31T10:00:00Z,3,31,6
H,Windsor Locks,"Sat, 03/31 10:15",5K,Bradley Road Race,"$25, after 3/17 $30",Results,Last Mile,2018-03-31T10:15:00Z,3,31,6
T,Vernon,"Sun, 04/01 08:00",5K,Hoppin Hodges 5K,Donations Accepted,Results,Platt,2018-04-01T08:00:00Z,4,1,7
W,Killingly,"Sun, 04/01 17:30",5K,Killingly River Trail Run Series,$15 for 6 week series [No Raceday registration],Results,Facebook Event,2018-04-01T17:30:00Z,4,1,7
M,East Haddam,"Sat, 04/07 09:30",13.1M,April Fools Half Marathon & 5K,"$45 online, $50 mail-in",Results,Racewire,2018-04-07T09:30:00Z,4,7,6
M,East Haddam,"Sat, 04/07 09:30",5K,April Fools Half Marathon & 5K,"$20 online, $25 mail-in",Results,Racewire,2018-04-07T09:30:00Z,4,7,6
H,Manchester,"Sat, 04/07 10:00",5K,Finally Spring 5K,.$20,Results,Last Mile,2018-04-07T10:00:00Z,4,7,6
H,West Hartford,"Sat, 04/07 10:00",6.55M,Greater Hartford 1/4 Marathon,.$30,Results,All Sports Events,2018-04-07T10:00:00Z,4,7,6
T,Mansfield,"Sat, 04/07 11:00",4K,James Malaney Pharmacy Run,".$15, $20 day of",Results,Platt,2018-04-07T11:00:00Z,4,7,6
NL,Voluntown,"Sat, 04/07 13:30",5K,Grin & Bear It,$20 SOLD OUT,Results,Coolrunnings,2018-04-07T13:30:00Z,4,7,6
NH,North Haven,"Sun, 04/08 09:00",5K,QU PA Run For Your Life 5K,"$20, $25 raceday",Results,Platt,2018-04-08T09:00:00Z,4,8,7
T,Vernon,"Sun, 04/08 09:00",5K,Strong Family Farm Chicken Run,"$20 through 3/31,  $25 after",Results,Last Mile,2018-04-08T09:00:00Z,4,8,7
F,Danbury,"Sun, 04/08 09:15",13.1M,Faxon Law Greater Danbury Road Races,"$47 through 1/1, $50 through 2/1, $52 through 4/7, $55 raceday",Results,JB Sports,2018-04-08T09:15:00Z,4,8,7
F,Danbury,"Sun, 04/08 09:25",5K,Faxon Law Greater Danbury Road Races,"$26 through 1/1, $27 through 2/1, $28 through 4/7, $30 raceday",Results,JB Sports,2018-04-08T09:25:00Z,4,8,7
NL,Waterford,"Sun, 04/08 10:00",5K,Great Strides,".$20 before 4/5, then $25.  Students $15, then $20",Results,SNERRO,2018-04-08T10:00:00Z,4,8,7
M,Middletown,"Sun, 04/08 11:30",10M,Harvard Pilgram Middletown 10M,"$40, $35 for 12 - 22 throug 1/1,  $45, $40 for 12-22 through 3/28,  $55, $50 for 12-22 after",Results,HMF,2018-04-08T11:30:00Z,4,8,7
M,Middletown,"Sun, 04/08 11:30",3.5M,Legends Run,"$25, $20 for 18 - 22, $15 for 5-17 throug 1/1,  $30, $25 for 18-22, $15 for 5-17 through 3/28,  $35, $30 for 18-22, $20 for 5-17 after",Results,HMF,2018-04-08T11:30:00Z,4,8,7
W,Killingly,"Sun, 04/08 17:30",5K,Killingly River Trail Run Series,$15 for 6 week series [No Raceday registration],Results,Facebook Event,2018-04-08T17:30:00Z,4,8,7
H,Bloomfield,"Sat, 04/14 07:30",50K,Traprock 50K,.$35,Results,Ultra Sign Up,2018-04-14T07:30:00Z,4,14,6
H,Bloomfield,"Sat, 04/14 08:30",17K,Traprock 50K,.$25,Results,Ultra Sign Up,2018-04-14T08:30:00Z,4,14,6
H,Rocky Hill,"Sat, 04/14 09:00",5K,Rocky Hill Library 5K,.$25,Results,Empire,2018-04-14T09:00:00Z,4,14,6
H,Avon,"Sat, 04/14 09:00",5K,Avon Vol. Fire Dept. 75th Anniversary,TBD,Results,Rat Race,2018-04-14T09:00:00Z,4,14,6
NH,Milford,"Sat, 04/14 09:30",5K,MDA Firefighter 5K,.$25,Results,Rat Race,2018-04-14T09:30:00Z,4,14,6
NL,Waterford,"Sat, 04/14 10:00",5K,Run to Recovery,TBD,Results,TBD,2018-04-14T10:00:00Z,4,14,6
NL,Salem,"Sat, 04/14 10:00",5K,Salem Road Race,TBD,Results,SNERRO,2018-04-14T10:00:00Z,4,14,6
NH,New Haven,"Sun, 04/15 10:00",4M,Julia's Run,"$20 through 3/1, $22 through 4/14, $25 race day",Results,JB Sports,2018-04-15T10:00:00Z,4,15,7
F,Fairfield,"Sun, 04/15 10:00",5K,Donnely Dash,.$27,Results,ClubCT,2018-04-15T10:00:00Z,4,15,7
T,Mansfield,"Sun, 04/15 12:00",5K,TKE Autism Speaks 5K,TBD,Results,Platt,2018-04-15T12:00:00Z,4,15,7
W,Killingly,"Sun, 04/15 17:30",5K,Killingly River Trail Run Series,$15 for 6 week series [No Raceday registration],Results,Facebook Event,2018-04-15T17:30:00Z,4,15,7
L,Washington,"Sat, 04/21 08:00",5K,Earth Day 5K,TBD,Results,Fast Track,2018-04-21T08:00:00Z,4,21,6
F,Stratford,"Sat, 04/21 08:30",6 hours,Enchanted Forest Ultra,"$79,  $89 after 10/31",Results,Ultra Sign Up,2018-04-21T08:30:00Z,4,21,6
H,Windsor,"Sat, 04/21 10:40",5K,1040 EZ Run,"$25,  $35 raceday",Results,Its Your Race,2018-04-21T10:40:00Z,4,21,6
NL,North Stonington,"Sat, 04/21 11:00",5K,Chikumbuso 5K/10K Challenge,TBD,Results,SNERRO,2018-04-21T11:00:00Z,4,21,6
NL,North Stonington,"Sat, 04/21 11:00",10K,Chikumbuso 5K/10K Challenge,TBD,Results,SNERRO,2018-04-21T11:00:00Z,4,21,6
L,New Milford,"Sat, 04/21 12:00",5K,Dirt Dash,TBD,Results,Fast Track,2018-04-21T12:00:00Z,4,21,6
NH,Derby,"Sat, 04/21 00:00",5K,Derby Greenway,TBD,Results,Hi-Tek,2018-04-21T00:00:00Z,4,21,6
M,Middlefield,"Sun, 04/22 00:00",5K,Sprint into Spring,TBD,Results,Fast Track,2018-04-22T00:00:00Z,4,22,7
M,Middlefield,"Sun, 04/22 00:00",10K,Sprint into Spring,TBD,Results,Fast Track,2018-04-22T00:00:00Z,4,22,7
F,Greenwich,"Sun, 04/22 07:30",13.1M,Greenwich Cup Half Marathon,.$70,Results,Chronotrack,2018-04-22T07:30:00Z,4,22,7
F,Newtown,"Sun, 04/22 08:00",20K,Lake Lillinonah Trail Challange,"$40 through 1/31, $45 after",Results,Ultra Sign Up,2018-04-22T08:00:00Z,4,22,7
F,Newtown,"Sun, 04/22 08:00",10K,Lake Lillinonah Trail Challange,"$35 through 1/31, $40 after",Results,Ultra Sign Up,2018-04-22T08:00:00Z,4,22,7
F,Westport,"Sun, 04/22 08:30",5K,Minute Man Race,.$30,Results,Active.com,2018-04-22T08:30:00Z,4,22,7
F,Westport,"Sun, 04/22 08:40",10K,Minute Man Race,.$40,Results,Active.com,2018-04-22T08:40:00Z,4,22,7
L,Bethlehem,"Sun, 04/22 09:00",5K,Bring on the Heat,"$25,  $30 raceday",Results,First Mile,2018-04-22T09:00:00Z,4,22,7
F,Bridgeport,"Sun, 04/22 09:00",5K,Healthy Families 5K,.$25,Results,Hi-Tek,2018-04-22T09:00:00Z,4,22,7
F,Westport,"Sun, 04/22 10:00",5K,Fairfield County Heart 5K,.$35,Results,Greystone,2018-04-22T10:00:00Z,4,22,7
H,Simsbury,"Sun, 04/22 10:00",5K,Northeast Classic - Hope On the Hill,.$25,Results,NA,2018-04-22T10:00:00Z,4,22,7
NL,East Lyme,"Sun, 04/22 10:00",5K,Niantic Bay Boardwalk 5K,".$25, $20 for 18 and under.  After 4/18, $30 and $25",Results,SNERRO,2018-04-22T10:00:00Z,4,22,7
NH,Meriden,"Sun, 04/22 10:00",5K,Rotary Daffodil 5K,TBD,Results,Rat Race,2018-04-22T10:00:00Z,4,22,7
F,Danbury,"Sun, 04/22 10:30",5K,DAWS Run Your Tail Off,"$30,  $35 with a dog,  $15 youth 8-17",Results,Active,2018-04-22T10:30:00Z,4,22,7
H,Farmington,"Sun, 04/22 13:00",5K,East Farms Spring Ahead,"$20 through 4/6, $25 after",Results,Its Your Race,2018-04-22T13:00:00Z,4,22,7
NL,Stonington,"Sun, 04/22 13:00",5K,Donahue Memorial 5K,TBD,Results,SNERRO,2018-04-22T13:00:00Z,4,22,7
W,Killingly,"Sun, 04/22 17:30",5K,Killingly River Trail Run Series,$15 for 6 week series [No Raceday registration],Results,Facebook Event,2018-04-22T17:30:00Z,4,22,7
F,Easton,"Sat, 04/28 00:00",5K,Race for Dare,TBD,Results,Hi-Tek,2018-04-28T00:00:00Z,4,28,6
H,Windsor,"Sat, 04/28 08:00",5K,Blue & Green 5K,TBD,Results,Empire TC,2018-04-28T08:00:00Z,4,28,6
W,Windham,"Sat, 04/28 08:30",13.1M,Willimantic Classic Half Marathon,.$45,Results,Last Mile,2018-04-28T08:30:00Z,4,28,6
NH,Southbury,"Sat, 04/28 08:30",5K,5K Run for Haiti,.$25,Results,Greystone,2018-04-28T08:30:00Z,4,28,6
H,Farmington,"Sat, 04/28 09:00",5K,HAE in Motion,TBD,Results,Its Your Race,2018-04-28T09:00:00Z,4,28,6
M,East Hampton,"Sat, 04/28 09:00",5K,Seeds of Hope,"$25,  $30 raceday",Results,First Mile,2018-04-28T09:00:00Z,4,28,6
M,East Hampton,"Sat, 04/28 09:00",10K,Seeds of Hope,"$25,  $30 raceday",Results,First Mile,2018-04-28T09:00:00Z,4,28,6
NL,Lisbon,"Sat, 04/28 10:00",5K,Joe Kelly Memorial 5K,.$25,Results,Its Your Race,2018-04-28T10:00:00Z,4,28,6
M,Cromwell,"Sat, 04/28 11:00",5K,MahoneySabol 5K,"$27, $22 18-22, $17 5-17 through 1/1, $32, $27 18-22, $17 5-17 through 4/17, $37, $32 18-22, $22 5-17 raceday",Results,HMF,2018-04-28T11:00:00Z,4,28,6
L,Kent,"Sun, 04/29 06:30",100K,Lake Waramaug Ultra Marathon,"$90 by 12/31, $95 after",Results,Ultra Signup,2018-04-29T06:30:00Z,4,29,7
L,Kent,"Sun, 04/29 06:30",50M,Lake Waramaug Ultra Marathon,"$90 by 12/31, $95 after",Results,Ultra Signup,2018-04-29T06:30:00Z,4,29,7
L,Kent,"Sun, 04/29 07:30",50K,Lake Waramaug Ultra Marathon,"$85 by 12/31, $90 after",Results,Ultra Signup,2018-04-29T07:30:00Z,4,29,7
NH,Cheshire,"Sun, 04/29 08:30",13.1M,Cheshire Half Marathon,"$55, $65 after 1/1",Results,JB Sports,2018-04-29T08:30:00Z,4,29,7
NH,Cheshire,"Sun, 04/29 08:36",5K,Cheshire Half Marathon,"$28, $30 after 1/1",Results,JB Sports,2018-04-29T08:36:00Z,4,29,7
H,Enfield,"Sun, 04/29 09:00",5K,Outrun Addiction,.$25,Results,NA,2018-04-29T09:00:00Z,4,29,7
NL,New London,"Sun, 04/29 09:00",Youth Du,Proud to DU It,"Ages 11-17 only,  $15 through 4/12,  $20 after",Results,Time To TRI,2018-04-29T09:00:00Z,4,29,7
H,Hartland,"Sun, 04/29 09:00",5M,Water Protectors 5 Mile,.$22,Results,TBD,2018-04-29T09:00:00Z,4,29,7
H,Farmington,"Sun, 04/29 10:00",5K,Amy's Angels,.$20,Results,Its Your Race,2018-04-29T10:00:00Z,4,29,7
H,Simsbury,"Sun, 04/29 12:00",10K,Simsbury River Run,.$30,Results,Granite State,2018-04-29T12:00:00Z,4,29,7
H,Simsbury,"Sun, 04/29 12:00",5K,Simsbury River Run,".$25, $15 for youth",Results,Granite State,2018-04-29T12:00:00Z,4,29,7
W,Killingly,"Sun, 04/29 17:30",5K,Killingly River Trail Run Series,$15 for 6 week series [No Raceday registration],Results,Facebook Event,2018-04-29T17:30:00Z,4,29,7
H,Farmington,"Fri, 05/04 18:30",5K,May the Fourth Be With You 5K,"$27 through 4/1,  $30 after,  $15 students",Results,JB Sports,2018-05-04T18:30:00Z,5,4,5
NH,Derby,"Sat, 05/05 00:00",5K,Derby's B.E.S.T.,TBD,Results,Rat Race,2018-05-05T00:00:00Z,5,5,6
L,Sharon,"Sat, 05/05 00:00",5M,Sharon Classic Road Race,TBD,Results,Fast Track,2018-05-05T00:00:00Z,5,5,6
L,Barkhamsted,"Sat, 05/05 00:00",5K,Barkhamsted Road Race,TBD,Results,Empire TC,2018-05-05T00:00:00Z,5,5,6
H,Granby,"Sat, 05/05 08:30",10K,Granby Road Race,"$30 through 2/28, then $35",Results,Platt,2018-05-05T08:30:00Z,5,5,6
H,Granby,"Sat, 05/05 08:30",5K,Granby Road Race,"$25 through 2/28, then $30",Results,Platt,2018-05-05T08:30:00Z,5,5,6
H,Enfield,"Sat, 05/05 09:00",5K,Cinco K Mayo,"$25,  $30 raceday",Results,Its Your Race,2018-05-05T09:00:00Z,5,5,6
F,Westport,"Sat, 05/05 09:00",5K,Susan Koman Race for the Cure,"$20, then it increases??",Results,NA,2018-05-05T09:00:00Z,5,5,6
L,Barkhamsted,"Sat, 05/05 09:30",5K,River Run,TBD,Results,Greystone,2018-05-05T09:30:00Z,5,5,6
W,Woodstock,"Sat, 05/05 10:00",5K,Jog with Judy,TBD,Results,SNERRO,2018-05-05T10:00:00Z,5,5,6
NH,New Haven,"Sat, 05/05 10:00",5K,Clean Air Run,"$22 (with parking),  $20 without parking",Results,NA,2018-05-05T10:00:00Z,5,5,6
NH,Beacon Falls,"Sat, 05/05 10:00",5K,Jills Race for MS,TBD,Results,Fast Track,2018-05-05T10:00:00Z,5,5,6
L,Plymouth,"Sun, 05/06 00:00",5K,Terryville Rotary 5K,TBD,Results,Greystone,2018-05-06T00:00:00Z,5,6,7
L,Litchfield,"Sun, 05/06 00:00",Duathlon,Thrill in the Hills,TBD,Results,Greystone,2018-05-06T00:00:00Z,5,6,7
H,Southington,"Sun, 05/06 08:00",600 minutes,Trail Mixers Spring Fling 600,"$40, $20 for members,  $50, $25 for members on raceday",Results,Ultra Signup,2018-05-06T08:00:00Z,5,6,7
F,Redding,"Sun, 05/06 08:00",13.1M,Redding Road Race,.$60SOLD OUT,Results,RunSignUp,2018-05-06T08:00:00Z,5,6,7
F,Redding,"Sun, 05/06 08:15",7M,Redding Road Race,.$45 SOLD OUT,Results,RunSignUp,2018-05-06T08:15:00Z,5,6,7
H,Burlington,"Sun, 05/06 08:30",10K,Burlington to Collinsville Classic,"$40, $35 for 9-22 through 1/1, $45, $40 9-22 through 4/5, $50, $45 9-22 through 4/25, $55, $50 9-22 after",Results,HMF,2018-05-06T08:30:00Z,5,6,7
NL,Montville,"Sun, 05/06 09:00",5K,Montville Lions 5K,TBD,Results,SNERRO,2018-05-06T09:00:00Z,5,6,7
M,Old Saybrook,"Sun, 05/06 09:00",5K,Seaside Shuffle,TBD,Results,NA,2018-05-06T09:00:00Z,5,6,7
NH,New Haven,"Sun, 05/06 09:00",5K Obstacle,Denali Run the Gauntlet,.$50,Results,JB Sports,2018-05-06T09:00:00Z,5,6,7
NH,Wolcott,"Sun, 05/06 10:00",5K,Wolcott Circle of Sports 5K,TBD,Results,Hi-Tek,2018-05-06T10:00:00Z,5,6,7
NH,Orange,"Sun, 05/06 10:00",5K,Cohen and Wolf Cinco de Mayo,TBD,Results,Platt,2018-05-06T10:00:00Z,5,6,7
M,East Hampton,"Sun, 05/06 10:00",5K,Belltown Spring Sprint,"$20,  $10 for over 65 and under 17",Results,Its Your Race,2018-05-06T10:00:00Z,5,6,7
L,Litchfield,"Sun, 05/06 12:00",5K,Girls Just Wanna Run,".$30 13 and over ($35 after 4/15), $18 under 13",Results,Empire TC,2018-05-06T12:00:00Z,5,6,7
W,Killingly,"Sun, 05/06 17:30",5K,Killingly River Trail Run Series,$15 for 6 week series [No Raceday registration],Results,Facebook Event,2018-05-06T17:30:00Z,5,6,7
M,Middletown,"Fri, 05/11 18:00",5K,Cap and Gown 5K,".$20, $25 after 5/6",Results,First Mile,2018-05-11T18:00:00Z,5,11,5
NH,Prospect,"Sat, 05/12 00:00",5K,Jan's Run,TBD,Results,Fast Track,2018-05-12T00:00:00Z,5,12,6
L,Harwinton,"Sat, 05/12 00:00",5K,Catch Me if You Can,TBD,Results,Fast Track,2018-05-12T00:00:00Z,5,12,6
H,Glastonbury,"Sat, 05/12 08:30",5K,Bill Landers Building Bridges,".$25 Adult, $15 under 18",Results,Bay State,2018-05-12T08:30:00Z,5,12,6
NL,Voluntown,"Sat, 05/12 09:00",5K,YSB Super 5K,.$25,Results,Platt,2018-05-12T09:00:00Z,5,12,6
H,Farmington,"Sat, 05/12 09:00",5K,Reid's Run,"$25, $30 raceday",Results,Its Your Race,2018-05-12T09:00:00Z,5,12,6
H,New Britain,"Sat, 05/12 09:15",5K,Race in the Park,TBD,Results,HMF,2018-05-12T09:15:00Z,5,12,6
NL,Colchester,"Sat, 05/12 10:00",5.5M,Salmon River Run,.$30,Results,Last Mile,2018-05-12T10:00:00Z,5,12,6
NL,New London,"Sat, 05/12 11:00",5K,River Run for the Fund,"$20 through 5/1, then $25",Results,Fast Track,2018-05-12T11:00:00Z,5,12,6
F,Brookfield,"Sun, 05/13 00:00",5K,Brookfield Mothers Day 5K,TBD,Results,BC Sports Timing,2018-05-13T00:00:00Z,5,13,7
F,Ridgefield,"Sun, 05/13 08:30",5K,Run Like A Mother,.$30,Results,Fast Track,2018-05-13T08:30:00Z,5,13,7
T,Vernon,"Sun, 05/13 09:30",5K,Vernon Mothers' Day Dash,TBD,Results,Platt,2018-05-13T09:30:00Z,5,13,7
H,Hartford,"Fri, 05/18 06:00",26.2M,Nutmeg State Marathon,.$95,Results,New England Challenge,2018-05-18T06:00:00Z,5,18,5
H,Hartford,"Fri, 05/18 06:00",13.1M,Nutmeg State Marathon,.$80,Results,New England Challenge,2018-05-18T06:00:00Z,5,18,5
H,East Granby,"Sat, 05/19 00:00",5K,East Granby Ridge Run,TBD,Results,Last Mile,2018-05-19T00:00:00Z,5,19,6
NH,Meriden,"Sat, 05/19 00:05",1M,Midnight Mile,.$5,Results,Cool Running,2018-05-19T00:05:00Z,5,19,6
W,Thompson,"Sat, 05/19 08:15",5K Obstacle,Terrain Racing - New England,"$30 through 11/29, $40 after",Results,Terrain Racing,2018-05-19T08:15:00Z,5,19,6
NH,Southbury,"Sat, 05/19 09:00",50K,Kettletown State Park Challeng T2T Series,"$60, $65 after 1/31",Results,Ultra Signup,2018-05-19T09:00:00Z,5,19,6
NH,Southbury,"Sat, 05/19 09:00",30K,Kettletown State Park Challeng T2T Series,"$50, $55 after 1/31",Results,Ultra Signup,2018-05-19T09:00:00Z,5,19,6
NH,Southbury,"Sat, 05/19 09:00",20K,Kettletown State Park Challeng T2T Series,"$45, $50 after 1/31",Results,Ultra Signup,2018-05-19T09:00:00Z,5,19,6
NH,Southbury,"Sat, 05/19 09:00",10K,Kettletown State Park Challeng T2T Series,"$40, $45 after 1/31",Results,Ultra Signup,2018-05-19T09:00:00Z,5,19,6
NH,Southbury,"Sat, 05/19 09:00",5K,Kettletown State Park Challeng T2T Series,"$35, $40 after 1/31",Results,Ultra Signup,2018-05-19T09:00:00Z,5,19,6
NH,Wallingford,"Sat, 05/19 09:00",5K,Carver Challenge,"$25,  $30 raceday",Results,First Mile,2018-05-19T09:00:00Z,5,19,6
NL,New London,"Sat, 05/19 09:00",5K,Winthrop STEM Green and Gold 5K,"$25, $10 under 18",Results,Platt,2018-05-19T09:00:00Z,5,19,6
NL,Waterford,"Sat, 05/19 09:00",5K,Quaker Hill 5K,TBD,Results,SNERRO,2018-05-19T09:00:00Z,5,19,6
W,Killingly,"Sat, 05/19 09:30",5K,Aspire Springtime Classic 5K,"$20, $25 raceday",Results,Last Mile,2018-05-19T09:30:00Z,5,19,6
L,Bethlehem,"Sat, 05/19 10:00",5K,AFSP Run For Hope,.$30,Results,Its Your Race,2018-05-19T10:00:00Z,5,19,6
H,East Hartford,"Sat, 05/19 10:00",5K,CHR 1 in 5,TBD,Results,Fast Track,2018-05-19T10:00:00Z,5,19,6
H,Windsor,"Sat, 05/19 10:00",5K,Shad Derby 5K,"$20, $25 day of, $15 for 12 and under",Results,SNEAA,2018-05-19T10:00:00Z,5,19,6
NL,Montville,"Sat, 05/19 10:00",5K,Murphy's Mad Dash for a Cure,"$20, $15 for 14 and under",Results,Last Mile,2018-05-19T10:00:00Z,5,19,6
H,Avon,"Sun, 05/20 00:00",5K,Avon Road Race,TBD,Results,Last Mile,2018-05-20T00:00:00Z,5,20,7
NL,Stonington,"Sun, 05/20 07:00",13.1M,Mystic Half Marathon & 10K,"$70, $65 12-22 through 1/1, $80, $75 12-22 through 4/19, $85, $80 12-22 through 5/9, $90, $85 12-22 after",Results,HMF,2018-05-20T07:00:00Z,5,20,7
NL,Stonington,"Sun, 05/20 07:00",10K,Mystic Half Marathon & 10K,"$40, $35 for 9-22 through 1/1, $45, $40 9-22 through 4/19, $50, $45 9-22 through 5/9, $55, $50 9-22 after",Results,HMF,2018-05-20T07:00:00Z,5,20,7
NL,Waterford,"Sun, 05/20 08:00",5K,Armed Forces Day 5K,"$30 through 4/22, $35 through 5/19, $40 raceday",Results,NA,2018-05-20T08:00:00Z,5,20,7
H,Newington,"Sun, 05/20 09:00",5K,Newington Library 5K,TBD,Results,Platt,2018-05-20T09:00:00Z,5,20,7
H,South Windsor,"Sun, 05/20 09:00",5K,Journey Found Super Hero 5K,"$20, $15 youth(undefined) thru 2/14, then $25 and $20 thru 5/18. Day of: $35 and $20.",Results,Timing Plus NE,2018-05-20T09:00:00Z,5,20,7
T,Stafford,"Sun, 05/20 09:00",22K,Soapstone Mountain Trail Races,"$25,  $30 raceday",Results,Shenipsit Striders,2018-05-20T09:00:00Z,5,20,7
T,Stafford,"Sun, 05/20 09:00",6K,Soapstone Mountain Trail Races,"$12, $15 raceday",Results,Shenipsit Striders,2018-05-20T09:00:00Z,5,20,7
H,Hartford,"Sun, 05/20 09:00",5K,Wag Walk/Run for Kenway's Cause,.$25,Results,First Mile,2018-05-20T09:00:00Z,5,20,7
NH,North Branford,"Sun, 05/20 09:30",5K,Matt's Mission,"$26 through 4/1, $28 through 5/19, $30 race day",Results,JB Sports,2018-05-20T09:30:00Z,5,20,7
H,Simsbury,"Sun, 05/20 11:00",Triathlon,"Simsbury Run, Bike, Paddle Tri",TBD,Results,TBD,2018-05-20T11:00:00Z,5,20,7
H,South Windsor,"Sun, 05/20 11:00",5K,Run 4 Robin,"$25,  $35 raceday",Results,Its Your Race,2018-05-20T11:00:00Z,5,20,7
NH,Oxford,"Sun, 05/20 11:00",5K,Belly of the Hog 5K,.$27,Results,mysportsevents.com,2018-05-20T11:00:00Z,5,20,7
L,Morris,"Sun, 05/20 12:00",5K,The Retro Run,.$20,Results,Platt,2018-05-20T12:00:00Z,5,20,7
NL,Griswold,"Sun, 05/20 13:00",Youth Du,"You Can ""Du"" It","$15 through 5/3, then $20",Results,Run Sign Up,2018-05-20T13:00:00Z,5,20,7
F,Weston,"Sat, 05/26 00:00",5K,Weston Memorial Day 5K,TBD,Results,ChronoTrack,2018-05-26T00:00:00Z,5,26,6
T,Willington,"Sat, 05/26 00:00",5K,Willington PTA 5K,TBD,Results,Last Mile,2018-05-26T00:00:00Z,5,26,6
NH,Hamden,"Sat, 05/26 08:00",13.1M,Hamden Hills Half Marathon,.$60,Results,Second Wind,2018-05-26T08:00:00Z,5,26,6
NH,Hamden,"Sat, 05/26 08:00",5K,Hamden Hills Half Marathon,.$25,Results,Second Wind,2018-05-26T08:00:00Z,5,26,6
M,Old Saybrook,"Sat, 05/26 09:00",4M,Delaney Dash,.$18,Results,SNERRO,2018-05-26T09:00:00Z,5,26,6
NL,North Stonington,"Sat, 05/26 10:00",5K,North Stonington Education Foundation,TBD,Results,Platt,2018-05-26T10:00:00Z,5,26,6
M,Deep River,"Sun, 05/27 09:00",Youth Du,Shoreline Splash and Dash,$20 through 5/11,Results,NA,2018-05-27T09:00:00Z,5,27,7
H,Marlborough,"Sun, 05/27 10:30",5K,Marlborough Lions Club,.$20,Results,Platt,2018-05-27T10:30:00Z,5,27,7
F,Easton,"Mon, 05/28 00:00",1M,Easton Exchange Memorial Mile,TBD,Results,Run Sign Up,2018-05-28T00:00:00Z,5,28,1
F,Bridgeport,"Mon, 05/28 08:30",5K,Great Aquarion Barnum Festival Road Race,.$25 Until 1/31,Results,Last Mile,2018-05-28T08:30:00Z,5,28,1
F,Bridgeport,"Mon, 05/28 08:30",10K,Great Aquarion Barnum Festival Road Race,.$30 Until 1/31,Results,Last Mile,2018-05-28T08:30:00Z,5,28,1
NH,Waterbury,"Mon, 05/28 07:00",26.2M,Oh Boy Marathon,"$50 through 4/30,  $75 after",Results,Rat Race,2018-05-28T07:00:00Z,5,28,1
NH,Waterbury,"Mon, 05/28 07:00",13.1M,Oh Boy Marathon,"$50 through 4/30,  $75 after",Results,Rat Race,2018-05-28T07:00:00Z,5,28,1
F,Greenwich,"Mon, 05/28 08:15",5M,Jim Fixx Memorial 5 Mile,TBD,Results,Clubct,2018-05-28T08:15:00Z,5,28,1
NH,Meriden,"Mon, 05/28 09:00",1M,Meriden Memorial Mile,"$20 through 5/25, $30 afterwards; Ages 0-11 - $10; Family (2 or more members) - $30",Results,Its Your Race,2018-05-28T09:00:00Z,5,28,1
W,Woodstock,"Mon, 05/28 09:00",10K,Woodstock Memorial Day 10K,TBD,Results,Last Mile,2018-05-28T09:00:00Z,5,28,1
NL,Stonington,"Mon, 05/28 10:00",5K,Mystic Bearathon,.$20,Results,SNERRO,2018-05-28T10:00:00Z,5,28,1
L,New Milford,"Fri, 06/01 19:30",5K,Bank Street Theater Moonlight Run,TBD,Results,Fast Track,2018-06-01T19:30:00Z,6,1,5
NL,Groton,"Fri, 06/01 18:00",3.6M,Twilight Trail Run,TBD,Results,SNERRO,2018-06-01T18:00:00Z,6,1,5
NL,Groton,"Fri, 06/01 19:30",7.4M,Twilight Trail Run,TBD,Results,SNERRO,2018-06-01T19:30:00Z,6,1,5
F,Fairfield,"Fri, 06/01 19:30",5K,Faxon Law Fairfield Road Races,"$27 through 1/17, $28 through 2/14, $30 through 3/31, $32 through 6/1, $35 race day",Results,JB Sports,2018-06-01T19:30:00Z,6,1,5
NL,Stonington,"Sat, 06/02 09:00",5K,Pawcatuck Lions 5K,TBD,Results,SNERRO,2018-06-02T09:00:00Z,6,2,6
L,Harwinton,"Sat, 06/02 13:00",5K,Wheels and Heels,TBD,Results,Greystone,2018-06-02T13:00:00Z,6,2,6
F,Ridgefield,"Sun, 06/03 07:00",Triathlon,Tri Ridgefield,.$85,Results,Fast Track,2018-06-03T07:00:00Z,6,3,7
NH,Middlebury,"Sun, 06/03 07:00",Triathlon,REV3 Triathlon,ranges from $129 - $305,Results,Rev3,2018-06-03T07:00:00Z,6,3,7
H,Simsbury,"Sun, 06/03 07:30",10K,Amica Ironhorse,"$40, $35 9-22 through 1/1, $45, $40 9-22 through 5/3, $50, $45 9-22 through 5/23, $55, $50 9-22 after",Results,HMF,2018-06-03T07:30:00Z,6,3,7
H,Simsbury,"Sun, 06/03 07:45",13.1M,Amica Ironhorse,"$60, $55 12-22 through 1/1, $75, $70 12-22 through 5/3, $80, $75 12-22 through 5/23, $85, $80 12-22 after",Results,HMF,2018-06-03T07:45:00Z,6,3,7
H,Simsbury,"Sun, 06/03 07:45",5K,Amica Ironhorse,"$25, $20 18-22, $15 5-17 through 1/1, $32, $27 18-22, $15 5-17 through 5/23, $37, $32 18-22, $20 5-17 after",Results,HMF,2018-06-03T07:45:00Z,6,3,7
F,Stamford,"Sun, 06/03 08:00",5K,Hope In Motion,TBD,Results,Active,2018-06-03T08:00:00Z,6,3,7
F,Stamford,"Sun, 06/03 08:00",10K,Hope In Motion,TBD,Results,Active,2018-06-03T08:00:00Z,6,3,7
F,Fairfield,"Sun, 06/03 08:00",13.1M,Faxon Law Fairfield Road Races,"$55 through 1/17, $60 through 2/14, $65 through 3/31, $70 through 6/1, $75 race day",Results,JB Sports,2018-06-03T08:00:00Z,6,3,7
NH,West Haven,"Sun, 06/03 08:45",5K,Dominate the Day,.$25,Results,NA,2018-06-03T08:45:00Z,6,3,7
F,Monroe,"Sun, 06/03 09:00",5K,Sprint for Monroe,.$25 through 5/26,Results,Last Mile,2018-06-03T09:00:00Z,6,3,7
H,Enfield,"Sun, 06/03 09:30",5K,Enfield Eagles,.$20,Results,iRun CT,2018-06-03T09:30:00Z,6,3,7
NL,Waterford,"Sun, 06/03 09:30",5K,Oswegatchie 5K,TBD,Results,SNERRO,2018-06-03T09:30:00Z,6,3,7
H,Wethersfield,"Sun, 06/03 11:00",5K,Keane Foundation 5K,"$15, $5 for kids 10 and under",Results,Its Your Race,2018-06-03T11:00:00Z,6,3,7
L,Woodbury,"Fri, 06/08 18:00",5K,Flanders Field Forest 5K,TBD,Results,Fast Track,2018-06-08T18:00:00Z,6,8,5
NL,East Lyme,"Fri, 06/08 18:00",10K,Niantic Bay Road Race,TBD,Results,SNERRO,2018-06-08T18:00:00Z,6,8,5
H,Hartford,"Sat, 06/09 09:00",5K,Zero Prostate 5K,TBD,Results,HMF,2018-06-09T09:00:00Z,6,9,6
H,Manchester,"Sat, 06/09 09:00",1M,Spring Street Mile,"$18 thru 2/28, $22 thru 5/31, $25 day of",Results,Last Mile,2018-06-09T09:00:00Z,6,9,6
NH,Milford,"Sat, 06/09 09:00",5K,Pirate Day 5K,.$25,Results,Second Wind,2018-06-09T09:00:00Z,6,9,6
H,Enfield,"Sat, 06/09 09:00",5K,HMS Fun Run Day,"$15, $10 for students",Results,School PTO,2018-06-09T09:00:00Z,6,9,6
NL,Norwich,"Sat, 06/09 09:00",5K,Norwich Tech Warrior 5k,.$20,Results,Platt,2018-06-09T09:00:00Z,6,9,6
NL,Groton,"Sat, 06/09 10:00",5K,Tour de Noank,TBD,Results,SNERRO,2018-06-09T10:00:00Z,6,9,6
T,Mansfield,"Sun, 06/10 09:00",14.1M,Nipmuck South Trail Race,.$25,Results,Ultra Signup/Rat Race,2018-06-10T09:00:00Z,6,10,7
F,Bridgeport,"Sun, 06/10 09:00",5K,Run for the Rock,TBD,Results,Last Mile,2018-06-10T09:00:00Z,6,10,7
H,West Hartford,"Sun, 06/10 09:30",5K,Celebrate West Hartford,"$25 through 6/1,  $30 after",Results,Platt,2018-06-10T09:30:00Z,6,10,7
F,Bridgeport,"Sun, 06/10 10:00",Triathlon,Seaside Sprint Tri/Du,"Tri - $70, $50 youth,  Du - $55, $40 youth",Results,Fast Track,2018-06-10T10:00:00Z,6,10,7
F,Trumbull,"Sun, 06/10 11:30",5K,Team Caroline and Mia Tutu Trot,.$25,Results,NA,2018-06-10T11:30:00Z,6,10,7
L,Litchfield,"Sun, 06/10 13:00",7.1M,Litchfield Hills Road Race,TBD,Results,Fast Track,2018-06-10T13:00:00Z,6,10,7
H,Farmington,"Tue, 06/12 18:10",Tiny Triathlon,Winding Trails Triathlon,"$25, $20 for members",Results,Its Your Race,2018-06-12T18:10:00Z,6,12,2
H,Farmington,"Tue, 06/12 18:15",Triathlon,Winding Trails Triathlon,"$30, $20 for members",Results,Its Your Race,2018-06-12T18:15:00Z,6,12,2
NL,Preston,"Thu, 06/14 19:00",5K,St. Catherines,TBD,Results,SNERRO,2018-06-14T19:00:00Z,6,14,4
F,Greenwich,"Fri, 06/15 18:30",5K,Cook Your Buns,TBD,Results,Clubct,2018-06-15T18:30:00Z,6,15,5
L,Colebrook,"Sat, 06/16 00:00",5K,Camp Jewell Trail Race,TBD,Results,Greystone,2018-06-16T00:00:00Z,6,16,6
NH,Middlebury,"Sat, 06/16 07:00",Olympic Tri,Pat Griskus Triathlon Series,"$80 through 1/1, then $95",Results,Fast Track,2018-06-16T07:00:00Z,6,16,6
NH,Middlebury,"Sat, 06/16 07:00",Sprint Tri,Pat Griskus Triathlon Series,"$70 through 1/1, then $85",Results,Fast Track,2018-06-16T07:00:00Z,6,16,6
NH,Middlebury,"Sat, 06/16 07:00",Duathlon,Pat Griskus Triathlon Series,"$80 through 1/1, then $95",Results,Fast Track,2018-06-16T07:00:00Z,6,16,6
NL,Norwich,"Sat, 06/16 09:00",Kids Du,Norwich Splash and Dash,"Ages 5-17 ONLY $20 through 5/31, $25 (+2.50) through 6/14; NO REGISTRATION AFTER 6/14",Results,Time To Tri,2018-06-16T09:00:00Z,6,16,6
NH,Meriden,"Sat, 06/16 00:00",5K,Purple Stride Connecticut,.$30,Results,Granite State,2018-06-16T00:00:00Z,6,16,6
T,Hebron,"Sun, 06/17 07:30",5.5M,Sumer Solstice Trail Run,"$25, $20 10-22 thorugh 1/1, $30, $25 10-22 through 6/6, $35, $30 10-22 after",Results,HMF,2018-06-17T07:30:00Z,6,17,7
T,Hebron,"Sun, 06/17 07:30",3.3M,Sumer Solstice Trail Run,"$25, $20 18-22, $15 10-17 thorugh 1/1, $30, $25 18-22, $15 10-17 through 6/6, $35, $30 18-22, $20 10-22 after",Results,HMF,2018-06-17T07:30:00Z,6,17,7
NH,Milford,"Sun, 06/17 09:00",5K,Milford Moves for Veterans,TBD,Results,Last Mile,2018-06-17T09:00:00Z,6,17,7
L,Bridgewater,"Sun, 06/17 09:30",5K,Little Britches 5K,TBD,Results,Fast Track,2018-06-17T09:30:00Z,6,17,7
NH,Branford,"Sun, 06/17 09:30",Kids 1M,Branford Road Race,"$12 through 2/24, $13 through 5/3, $14 through 6/12, $15 through 6/16, $17 race day",Results,JB Sports,2018-06-17T09:30:00Z,6,17,7
NH,Branford,"Sun, 06/17 10:15",5M,Branford Road Race,"$27 through 2/24, $29 through 5/3, $31 through 6/12, $33 through 6/16, $37 race day",Results,JB Sports,2018-06-17T10:15:00Z,6,17,7
H,Farmington,"Tue, 06/19 18:10",Tiny Triathlon,Winding Trails Triathlon,"$25, $20 for members",Results,Its Your Race,2018-06-19T18:10:00Z,6,19,2
H,Farmington,"Tue, 06/19 18:15",Triathlon,Winding Trails Triathlon,"$30, $20 for members",Results,Its Your Race,2018-06-19T18:15:00Z,6,19,2
H,West Hartford,"Wed, 06/20 18:30",5K,Summer Solstice Sprint,.$20,Results,Platt,2018-06-20T18:30:00Z,6,20,3
NL,Preston,"Thu, 06/21 19:00",5K,St. Catherine Road Race,TBD,Results,SNERRO,2018-06-21T19:00:00Z,6,21,4
F,Stamford,"Sat, 06/23 00:00",Youth Tri,Stamford KIC IT Kids Tri,TBD,Results,HMF,2018-06-23T00:00:00Z,6,23,6
NH,Wallingford,"Sat, 06/23 00:00",5K Obstacle,Gaylor Gauntlet,TBD,Results,Race Wire,2018-06-23T00:00:00Z,6,23,6
F,Newtown,"Sat, 06/23 08:00",5K,Newtown Rooster 5K,TBD,Results,Platt,2018-06-23T08:00:00Z,6,23,6
M,Essex,"Sat, 06/23 08:45",5K,Run for Chris,.$25,Results,Rat Race,2018-06-23T08:45:00Z,6,23,6
NH,North Haven,"Sat, 06/23 09:00",5K,Kid U Not - Irish Festival,"$27, $32 raceday; Ages 12 & under - $13.50, $16 raceday",Results,Hi-Tek,2018-06-23T09:00:00Z,6,23,6
F,Stamford,"Sun, 06/24 00:00",Triathlon,Stamford KIC IT Triathlon,TBD,Results,HMF,2018-06-24T00:00:00Z,6,24,7
H,Farmington,"Tue, 06/26 18:10",Tiny Triathlon,Winding Trails Triathlon,"$25, $20 for members",Results,Its Your Race,2018-06-26T18:10:00Z,6,26,2
H,Farmington,"Tue, 06/26 18:15",Triathlon,Winding Trails Triathlon,"$30, $20 for members",Results,Its Your Race,2018-06-26T18:15:00Z,6,26,2
NL,Preston,"Thu, 06/28 19:00",1M,Liz Harris Memorial Cannonball Mile,TBD,Results,SNERRO,2018-06-28T19:00:00Z,6,28,4
H,Hartford,"Thu, 06/28 18:30",5K,Riverfront Scramble 1,"$25, $20 18-22, $15 5-17 through 1/1, $30, $25 18-22, $15 5-17 through 6/17, $35, $30 18-22, $20 5-17 after",Results,HMF,2018-06-28T18:30:00Z,6,28,4
NH,New Haven,"Fri, 06/29 00:00",5K,New Haven Corporate 5K,TDB,Results,JB Sports,2018-06-29T00:00:00Z,6,29,5
H,Simsbury,"Fri, 06/29 06:00",26.2M,Mainly Marathons - NE Series,"$100 by 2/2, $115 by 4/3, $130 by 6/3, $150 after",Results,Mainly Marathons,2018-06-29T06:00:00Z,6,29,5
H,Simsbury,"Fri, 06/29 06:00",13.1M,Mainly Marathons - NE Series,"$85 by 2/2, $100 by 4/3, $110 by 6/3, $130 after",Results,Mainly Marathons,2018-06-29T06:00:00Z,6,29,5
H,Simsbury,"Fri, 06/29 06:00",10K,Mainly Marathons - NE Series,"$45 by 6/3,  $55 after",Results,Mainly Marathons,2018-06-29T06:00:00Z,6,29,5
H,Simsbury,"Fri, 06/29 06:00",5K,Mainly Marathons - NE Series,"$35 by 6/3, $45 after",Results,Mainly Marathons,2018-06-29T06:00:00Z,6,29,5
F,Westport,"Sat, 06/30 08:00",2.3M,Westport Road Runners Summer Series,"$10,  $60 for whole series, $5 for Westport residents or $30 for series",Results,WRR,2018-06-30T08:00:00Z,6,30,6
F,Redding,"Sat, 06/30 08:00",9K,Rock 'N Roots,.$35,Results,RunSignUp,2018-06-30T08:00:00Z,6,30,6
F,Stratford,"Sat, 06/30 08:30",30 hours,Forbidden Forest 30 Hour Ultra,"$179 by 1/1,  $189 by 2/27, $199 afterwards",Results,3C,2018-06-30T08:30:00Z,6,30,6
NH,Cheshire,"Sat, 06/30 09:00",Youth Du,Nutmeg Splash and Dash,"$20 through 6/15, then $25",Results,RunSignUp,2018-06-30T09:00:00Z,6,30,6
H,Farmington,"Tue, 07/03 18:10",Tiny Triathlon,Winding Trails Triathlon,"$25, $20 for members",Results,Its Your Race,2018-07-03T18:10:00Z,7,3,2
H,Farmington,"Tue, 07/03 18:15",Triathlon,Winding Trails Triathlon,"$30, $20 for members",Results,Its Your Race,2018-07-03T18:15:00Z,7,3,2
F,Bethel,"Wed, 07/04 00:00",8K,Firecracker 8K,TBD,Results,Fast Track,2018-07-04T00:00:00Z,7,4,3
M,Chester,"Wed, 07/04 09:00",4M,Chester Rotary's Four on the Fourth,TBD,Results,NA,2018-07-04T09:00:00Z,7,4,3
F,Westport,"Sat, 07/07 08:00",3.1M,Westport Road Runners Summer Series,"$10,  $60 for whole series, $5 for Westport residents or $30 for series",Results,WRR,2018-07-07T08:00:00Z,7,7,6
H,Enfield,"Sat, 07/07 18:00",5K,Twilight Road Race,TBD,Results,Cool Running,2018-07-07T18:00:00Z,7,7,6
H,Farmington,"Tue, 07/10 18:10",Tiny Triathlon,Winding Trails Triathlon,"$25, $20 for members",Results,Its Your Race,2018-07-10T18:10:00Z,7,10,2
H,Farmington,"Tue, 07/10 18:15",Triathlon,Winding Trails Triathlon,"$30, $20 for members",Results,Its Your Race,2018-07-10T18:15:00Z,7,10,2
NH,Middlebury,"Wed, 07/11 18:00",Sprint Tri,Pat Gruskus Triathlon Series,"$70 through 1/1, then $85",Results,Fast Track,2018-07-11T18:00:00Z,7,11,3
NH,East Hampton,"Fri, 07/13 00:00",5K,Glorious Gallop,TBD,Results,Last Mile,2018-07-13T00:00:00Z,7,13,5
F,Westport,"Sat, 07/14 08:00",3.8M,Westport Road Runners Summer Series,"$10,  $60 for whole series, $5 for Westport residents or $30 for series",Results,WRR,2018-07-14T08:00:00Z,7,14,6
H,Hartford,"Sat, 07/14 08:30",5K,Red Dress Run,"$25, $20 18-22, $15 5-17 through 1/1, $30, $25 18-22, $15 5-17 through 7/3, $35, $30 18-22, $20 5-17 after",Results,HMF,2018-07-14T08:30:00Z,7,14,6
L,New Hartford,"Sun, 07/15 07:30",Tri/Du,Litchfield Hills Triathlon & Duathlon,"Tri - $85, $80 for 16-22 through 1/1, $100, $95 16-22 through 7/4, $110, $105 16-22 after; Du - $60, $55 for 14 - 22 through 1/1, $75, $70 14-22 through 7/4, $90, $85 14-22 after",Results,HMF,2018-07-15T07:30:00Z,7,15,7
NH,West Haven,"Sun, 07/15 08:00",5K,Savin Rock 5K,.$25,Results,Second Wind,2018-07-15T08:00:00Z,7,15,7
NL,New London,"Sun, 07/15 09:15",5K,Charter Oak Sailfest,TBD,Results,SNERRO,2018-07-15T09:15:00Z,7,15,7
H,Farmington,"Tue, 07/17 18:10",Tiny Triathlon,Winding Trails Triathlon,"$25, $20 for members",Results,Its Your Race,2018-07-17T18:10:00Z,7,17,2
H,Farmington,"Tue, 07/17 18:15",Triathlon,Winding Trails Triathlon,"$30, $20 for members",Results,Its Your Race,2018-07-17T18:15:00Z,7,17,2
M,Middletown,"Wed, 07/18 18:45",5K,Citizens Bank 5K Summer Fun Run,"$26 through 6/1, $28 through 7/17, $30 raceday;
Students - $10 off",Results,JB Sports,2018-07-18T18:45:00Z,7,18,3
F,Newtown,"Sat, 07/21 00:00",5K,Sandy Hook 5K,TBD,Results,Platt,2018-07-21T00:00:00Z,7,21,6
F,Westport,"Sat, 07/21 08:00",4.1M,Westport Road Runners Summer Series,"$10,  $60 for whole series, $5 for Westport residents or $30 for series",Results,WRR,2018-07-21T08:00:00Z,7,21,6
L,Warren,"Sat, 07/21 08:00",Triathlon,Hopkins Vineyard Triathlon,"$80 USAT member, $95 non member.  Prices increase to $90 and $105 in mid March",Results,Fast Track,2018-07-21T08:00:00Z,7,21,6
NL,Norwich,"Sat, 07/21 10:00",1M,Greenville Mile,TBD,Results,SNERRO,2018-07-21T10:00:00Z,7,21,6
H,Plainville,"Sun, 07/22 00:00",5K,Petit Race,TBD,Results,Last Mile,2018-07-22T00:00:00Z,7,22,7
W,Plainfield,"Sun, 07/22 00:00",5K,iWarriors 5K Freedon Run,TBD,Results,Facebook page,2018-07-22T00:00:00Z,7,22,7
F,Greenwich,"Sun, 07/22 07:00",Triathlon,Greenwich Cup Triathon,".$75 individual, $110 Relay",Results,ClubCT,2018-07-22T07:00:00Z,7,22,7
H,Bloomfield,"Sun, 07/22 08:00",10K,Achilles CT Hope & Possibility,"$35, $30 9-22 through 1/1, $45, $40 9-22 through 7/11, $50, $45 9-22 after",Results,HMF,2018-07-22T08:00:00Z,7,22,7
H,Bloomfield,"Sun, 07/22 08:00",5K,Achilles CT Hope & Possibility,"$25, $20 18-22, $15 5-17 through 1/1, $30, $25 18-22, $15 5-17 through 7/11, $35, $30 18-22, $20 5-17 after",Results,HMF,2018-07-22T08:00:00Z,7,22,7
NL,North Stonington,"Mon, 07/23 16:00",5K,Robbie's Run,TBD,Results,SNERRO,2018-07-23T16:00:00Z,7,23,1
H,Farmington,"Tue, 07/24 18:10",Tiny Triathlon,Winding Trails Triathlon,"$25, $20 for members",Results,Its Your Race,2018-07-24T18:10:00Z,7,24,2
H,Farmington,"Tue, 07/24 18:15",Triathlon,Winding Trails Triathlon,"$30, $20 for members",Results,Its Your Race,2018-07-24T18:15:00Z,7,24,2
NL,Stonington,"Thu, 07/26 18:00",5K,Blessing of the Fleet,TBD,Results,SNERRO,2018-07-26T18:00:00Z,7,26,4
H,Hartford,"Thu, 07/26 18:30",5K,Riverfront Scramble 2,"$25, $20 18-22, $15 5-17 through 1/1, $30, $25 18-22, $15 5-17 through 7/15, $35, $30 18-22, $20 5-17 after",Results,HMF,2018-07-26T18:30:00Z,7,26,4
F,Norwalk,"Thu, 07/26 18:30",5K,Fairfield County Corporate 5K,.$40,Results,NOVA Timing Systems,2018-07-26T18:30:00Z,7,26,4
F,Westport,"Sat, 07/28 08:00",4.7M,Westport Road Runners Summer Series,"$10,  $60 for whole series, $5 for Westport residents or $30 for series",Results,WRR,2018-07-28T08:00:00Z,7,28,6
F,Ridgefield,"Sat, 07/28 19:00",5K,Southwest Cafe Margarita 5K,.$30,Results,ClubCT,2018-07-28T19:00:00Z,7,28,6
NH,Guilford,"Sun, 07/29 08:10",10M,Sea Legs Shuffle,TBD,Results,JB Sports,2018-07-29T08:10:00Z,7,29,7
NH,Guilford,"Sun, 07/29 08:15",5K,Sea Legs Shuffle,TBD,Results,JB Sports,2018-07-29T08:15:00Z,7,29,7
T,Somers,"Sun, 07/29 09:00",5.5M,Soapstone Assault,"$10,  $5 Shenipsit Striders Members",Results,Shenipsit Striders,2018-07-29T09:00:00Z,7,29,7
H,Farmington,"Tue, 07/31 18:10",Tiny Triathlon,Winding Trails Triathlon,"$25, $20 for members",Results,Its Your Race,2018-07-31T18:10:00Z,7,31,2
H,Farmington,"Tue, 07/31 18:15",Triathlon,Winding Trails Triathlon,"$30, $20 for members",Results,Its Your Race,2018-07-31T18:15:00Z,7,31,2
H,Hartford,"Thu, 08/02 18:20",5K,CFA Society Hartford Corporate 5K,$27 through ???,Results,JBSports,2018-08-02T18:20:00Z,8,2,4
L,Washington,"Sat, 08/04 07:00",50M,XTERRA Steep Rock Trail Run,.$100,Results,Fast Track,2018-08-04T07:00:00Z,8,4,6
L,Washington,"Sat, 08/04 07:00",50K,XTERRA Steep Rock Trail Run,.$85,Results,Fast Track,2018-08-04T07:00:00Z,8,4,6
L,Washington,"Sat, 08/04 08:00",25K,XTERRA Steep Rock Trail Run,.$50,Results,Fast Track,2018-08-04T08:00:00Z,8,4,6
F,Westport,"Sat, 08/04 08:00",5.85M,Westport Road Runners Summer Series,"$10,  $60 for whole series, $5 for Westport residents or $30 for series",Results,WRR,2018-08-04T08:00:00Z,8,4,6
L,Washington,"Sat, 08/04 09:00",10K,XTERRA Steep Rock Trail Run,.$35,Results,Fast Track,2018-08-04T09:00:00Z,8,4,6
NL,New London,"Sat, 08/04 09:00",13.1M,Kelley Road Race,Free,Results,SNERRO,2018-08-04T09:00:00Z,8,4,6
T,Andover,"Sat, 08/04 09:00",10K,Hop River 5K & 10K,.$25,Results,First Mile,2018-08-04T09:00:00Z,8,4,6
T,Andover,"Sat, 08/04 09:05",5K,Hop River 5K & 10K,.$25,Results,First Mile,2018-08-04T09:05:00Z,8,4,6
NH,New Haven,"Sat, 08/04 12:00",5K,Craft Brew Races,"$50 through 5/4, $55 through 6/4, $60 through 8/3, $70 raceday ($10 discount for Designated driver)",Results,Racewire,2018-08-04T12:00:00Z,8,4,6
NL,East Lyme,"Sun, 08/05 07:30",Triathlon,Niantic Bay Triathlon,"$75, $70 16 - 22 through 1/1, $90, $85 16-22 through 7/26, $100, $95 16-22 after",Results,HMF,2018-08-05T07:30:00Z,8,5,7
NL,Griswold,"Sun, 08/05 09:00",6K,Griswold Sunflower Race,TBD,Results,Last Mile,2018-08-05T09:00:00Z,8,5,7
H,Farmington,"Tue, 08/07 18:10",Tiny Triathlon,Winding Trails Triathlon,"$25, $20 for members",Results,Its Your Race,2018-08-07T18:10:00Z,8,7,2
H,Farmington,"Tue, 08/07 18:15",Triathlon,Winding Trails Triathlon,"$30, $20 for members",Results,Its Your Race,2018-08-07T18:15:00Z,8,7,2
F,Westport,"Sat, 08/11 08:00",6.85M,Westport Road Runners Summer Series,"$10,  $60 for whole series, $5 for Westport residents or $30 for series",Results,WRR,2018-08-11T08:00:00Z,8,11,6
L,Sharon,"Sat, 08/11 08:00",Triathlon,Sharon Sprint Triathlon,"$65 indiv, $75 team, $75 and $90 day of",Results,Greystone,2018-08-11T08:00:00Z,8,11,6
W,Putnam,"Sat, 08/11 08:30",5M,DKH Cancer Fund Race,TBD,Results,SNERRO,2018-08-11T08:30:00Z,8,11,6
L,Torrington,"Sun, 08/12 10:00",5M,Torrington Road Race,"$15,  $5 for 18 and under",Results,Start Line,2018-08-12T10:00:00Z,8,12,7
H,Farmington,"Tue, 08/14 18:10",Tiny Triathlon,Winding Trails Triathlon,"$25, $20 for members",Results,Its Your Race,2018-08-14T18:10:00Z,8,14,2
H,Farmington,"Tue, 08/14 18:15",Triathlon,Winding Trails Triathlon,"$30, $20 for members",Results,Its Your Race,2018-08-14T18:15:00Z,8,14,2
NL,Stonington,"Wed, 08/15 18:00",1M,Nick Bottone Mile,TBD,Results,SNERRO,2018-08-15T18:00:00Z,8,15,3
F,Danbury,"Thu, 08/16 00:00",5K,Amber Room Run From the Sun 5K,TBD,Results,JB Sports,2018-08-16T00:00:00Z,8,16,4
M,Clinton,"Sat, 08/18 00:00",5K,Bluefish Road Race,TBD,Results,Rat Race,2018-08-18T00:00:00Z,8,18,6
F,Westport,"Sat, 08/18 08:00",8.4M,Westport Road Runners Summer Series,"$10,  $60 for whole series, $5 for Westport residents or $30 for series",Results,WRR,2018-08-18T08:00:00Z,8,18,6
F,Danbury,"Sat, 08/18 09:00",5K,Perogie Dash,.$25,Results,Club CT,2018-08-18T09:00:00Z,8,18,6
H,Bristol,"Sun, 08/19 00:00",13.1M,Bristol Half Marathon,TBD,Results,Fast Track,2018-08-19T00:00:00Z,8,19,7
H,Bristol,"Sun, 08/19 00:00",10K,Bristol Half Marathon,TBD,Results,Fast Track,2018-08-19T00:00:00Z,8,19,7
F,Shelton,"Sun, 08/19 00:00",10K,Sunset Run for the Warriors,TBD,Results,NA,2018-08-19T00:00:00Z,8,19,7
F,Shelton,"Sun, 08/19 00:00",5K,Sunset Run for the Warriors,TBD,Results,NA,2018-08-19T00:00:00Z,8,19,7
NL,Stonington,"Tue, 08/21 18:15",5K,Battle of Stonington,TBD,Results,SNERRO,2018-08-21T18:15:00Z,8,21,2
NL,Stonington,"Wed, 08/22 18:00",5K,Stonington Cross Country 5K,TBD,Results,SNERRO,2018-08-22T18:00:00Z,8,22,3
H,Hartford,"Thu, 08/23 18:30",5K,Riverfront Scramble 3,"$25, $20 18-22, $15 5-17 through 1/1, $30, $25 18-22, $15 5-17 through 8/12, $35, $30 18-22, $20 5-17 after",Results,HMF,2018-08-23T18:30:00Z,8,23,4
T,Hebron,"Sat, 08/25 00:00",5K,Hebron Road Race,TBD,Results,Fast Track,2018-08-25T00:00:00Z,8,25,6
F,Westport,"Sat, 08/25 08:00",9.3M,Westport Road Runners Summer Series,"$10,  $60 for whole series, $5 for Westport residents or $30 for series",Results,WRR,2018-08-25T08:00:00Z,8,25,6
W,Plainfield,"Sat, 08/25 08:00",Triathlon,DKH - Give it a TRI,.$55,Results,Races Online (Reg link),2018-08-25T08:00:00Z,8,25,6
H,New Britain,"Sat, 08/25 08:15",5K,Sara Krolokowski Memorial 5K,.$20,Results,First Mile,2018-08-25T08:15:00Z,8,25,6
H,Farmington,"Sun, 08/26 08:00",Triathlon,Winding Trails Double Whammy,"$75 through 6/5, $90 through 8/24, $100 raceday",Results,Its Your Race,2018-08-26T08:00:00Z,8,26,7
H,Wethersfield,"Sun, 08/26 08:30",10K,Old Wethersfield,"$40, $35 9-22 through 1/1, $45, $40 9-22 through 8/16, $50, $45 9-22 after",Results,HMF,2018-08-26T08:30:00Z,8,26,7
H,Wethersfield,"Sun, 08/26 08:30",5K,Old Wethersfield,"$25, $20 18-22, $15 5-17 through 1/1, $30, $25 18-22, $15 5-17 through 8/16, $35, $30 18-22, $20 5-17 after",Results,HMF,2018-08-26T08:30:00Z,8,26,7
F,Westport,"Sat, 09/01 08:00",10M,Westport Road Runners Summer Series,"$10,  $60 for whole series, $5 for Westport residents or $30 for series",Results,WRR,2018-09-01T08:00:00Z,9,1,6
M,Haddam,"Sun, 09/02 09:30",5K,Haddam Neck Fair 5K,".$14 pre reg, $17 Day of",Results,Platt,2018-09-02T09:30:00Z,9,2,7
NH,New Haven,"Mon, 09/03 08:30",13.1M,New Haven Road Race,"$55 through 2/9, $60 through 6/28, $65 through 8/14, $70 through 9/3, $75 raceday",Results,JB Sports,2018-09-03T08:30:00Z,9,3,1
NH,New Haven,"Mon, 09/03 08:30",20K,New Haven Road Race,"$55 through 2/9, $60 through 6/28, $65 through 8/14, $70 through 9/3, $75 raceday",Results,JB Sports,2018-09-03T08:30:00Z,9,3,1
NH,New Haven,"Mon, 09/03 08:30",5K,New Haven Road Race,"$30 through 2/9, $32 through 6/28, $34 through 8/14, $35 through 9/3, $40 raceday",Results,JB Sports,2018-09-03T08:30:00Z,9,3,1
H,South Windsor,"Mon, 09/03 09:00",5M,South Windsor Labor Day 5 Miler,.$20,Results,Platt,2018-09-03T09:00:00Z,9,3,1
NH,East Haven,"Sat, 09/08 00:00",5K,East Haven Classic,TBD,Results,Second Wind,2018-09-08T00:00:00Z,9,8,6
H,Farmington,"Sat, 09/08 07:30",Triathlon,Women's Triathlon,"$75, $70 16 - 22 through 1/1, $90, $85 16-22 through 8/29, $100, $95 1-22 after (WOMEN ONLY)",Results,HMF,2018-09-08T07:30:00Z,9,8,6
H,Suffield,"Sat, 09/08 08:00",10K,Suffield Road Races,TBD,Results,Rat Race,2018-09-08T08:00:00Z,9,8,6
H,Suffield,"Sat, 09/08 08:30",5K,Suffield Road Races,TBD,Results,Rat Race,2018-09-08T08:30:00Z,9,8,6
F,Westport,"Sun, 09/09 07:30",Sprint Tri,Westport Kiwanis Minuteman Tri,.$58,Results,Fast Track,2018-09-09T07:30:00Z,9,9,7
H,Hartford,"Fri, 09/14 18:00",5K,Riverfront 5K Row and Erg,TBD,Results,Platt,2018-09-14T18:00:00Z,9,14,5
NL,East Lyme,"Fri, 09/14 18:00",5K,Rainbow Run,TBD,Results,SNERRO,2018-09-14T18:00:00Z,9,14,5
NL,Waterford,"Sat, 09/15 08:00",Youth Tri,Proud to Tri,".$25 through 8/31, then $30 Ages 11-17 only",Results,Run Sign Up,2018-09-15T08:00:00Z,9,15,6
NH,Milford,"Sat, 09/15 08:00",13.1M,Gulf Beach Half Marathon,.$60,Results,Second Wind,2018-09-15T08:00:00Z,9,15,6
T,Somers,"Sat, 09/15 08:00",5K,Somers Great Escape,.$20,Results,NA,2018-09-15T08:00:00Z,9,15,6
NL,Colchester,"Sat, 09/15 09:00",5K,Race to End Hunger,TBD,Results,SNERRO,2018-09-15T09:00:00Z,9,15,6
W,Eastford,"Sat, 09/15 10:00",5K,Never Stop Fighting,TBD,Results,Rat Race,2018-09-15T10:00:00Z,9,15,6
W,Killingly,"Sun, 09/16 00:00",3.5M,NOW 5K,TBD,Results,Racewire,2018-09-16T00:00:00Z,9,16,7
F,Ridgefield,"Sun, 09/16 08:00",4.25M,Where the Pavement Ends,.$35,Results,NA,2018-09-16T08:00:00Z,9,16,7
F,Norwalk,"Sun, 09/16 08:00",13.1M,Sam Elpern Half Marathon,"$22 through 9/14,  $25 after",Results,Light Foot Runners,2018-09-16T08:00:00Z,9,16,7
H,West Hartford,"Sun, 09/16 09:00",5K,My Sister's Place,.$30,Results,First Mile,2018-09-16T09:00:00Z,9,16,7
M,Chester,"Sun, 09/16 09:00",4M,Trails to a Cure,TBD,Results,SNERRO,2018-09-16T09:00:00Z,9,16,7
M,Chester,"Sun, 09/16 09:00",8M,Trails to a Cure,TBD,Results,SNERRO,2018-09-16T09:00:00Z,9,16,7
F,Stratford,"Sat, 09/22 08:30",9 hours,Forgotten Forest Ultra,"$79 through 6/3,  $89 through 8/5, $99 after",Results,3C,2018-09-22T08:30:00Z,9,22,6
T,Mansfield,"Sat, 09/22 12:00",5M,The Kyle Milliken Memorial Run,Donations Accepted,Results,Facebook Event,2018-09-22T12:00:00Z,9,22,6
F,Stamford,"Sun, 09/23 00:00",5K,Miles for a Mission,TBD,Results,Run Sign Up,2018-09-23T00:00:00Z,9,23,7
L,Norfolk,"Sun, 09/23 12:00",10K,Norfolk Land Trust Trail Races,TBD,Results,Rat Race,2018-09-23T12:00:00Z,9,23,7
L,Norfolk,"Sun, 09/23 12:30",5K,Norfolk Land Trust Trail Races,TBD,Results,Rat Race,2018-09-23T12:30:00Z,9,23,7
L,Colebrook,"Sat, 09/29 09:00",13.1M,Hogsback Half Marathon,.$40,Results,All Sports Events,2018-09-29T09:00:00Z,9,29,6
NL,Waterford,"Sat, 09/29 09:00",5K,5K Foot Pursuit,TBD,Results,SNERRO,2018-09-29T09:00:00Z,9,29,6
NL,Norwich,"Sat, 09/29 09:30",1M,Sacred Heart Dash,TBD,Results,SNERRO,2018-09-29T09:30:00Z,9,29,6
T,Tolland,"Sat, 09/29 10:30",5K,Cider Mill Run,.$25,Results,Empire TC,2018-09-29T10:30:00Z,9,29,6
F,Wilton,"Sun, 09/30 00:00",5K,Wilton Circle of Care,TBD,Results,NA,2018-09-30T00:00:00Z,9,30,7
W,Ashford,"Sun, 09/30 08:00",26.2M,Nipmuck Trail Marathon,TBD,Results,Shenipsit Striders,2018-09-30T08:00:00Z,9,30,7
NL,Salem,"Sun, 09/30 09:00",5K,Run in the Woods,"$20, $25 raceday",Results,Empire TC,2018-09-30T09:00:00Z,9,30,7
F,Fairfield,"Sun, 09/30 10:00",5K,Bigelow Tea Community Challenge,.$25,Results,Last Mile,2018-09-30T10:00:00Z,9,30,7
NH,Seymour,"Sat, 10/06 00:00",5K,Pounding the Pavement for Pink,TBD,Results,Run Sign Up,2018-10-06T00:00:00Z,10,6,6
NH,Hamden,"Sat, 10/06 08:00",10K,Rail Trail 10K,"$35 through 4/5,  $50 through 10/6,  $45 Raceday",Results,Second WInd,2018-10-06T08:00:00Z,10,6,6
M,Clinton,"Sun, 10/07 00:00",13.1M,Aegis Wealth Partners Vineyard Half,TBD,Results,JB Sports,2018-10-07T00:00:00Z,10,7,7
M,East Haddam,"Sun, 10/07 11:00",5K,East Haddam Ride or Stride,TBD,Results,NA,2018-10-07T11:00:00Z,10,7,7
H,Hartford,"Sat, 10/13 08:00",26.2M,Eversource Hartford Marathon,"$95, $90 16-22 through 1/1, $105, $100 16-22 through 7/15, $115, $110 16-22 through 9/27, $125, $120 16-22 after",Results,HMF,2018-10-13T08:00:00Z,10,13,6
H,Hartford,"Sat, 10/13 08:00",13.1M,Eversource Hartford Marathon,"$70, $65 12-22 through 1/1, $80, $75 12-22 through 7/15, $90, $85 12-22 through 9/27, $100, $95 12-22 after",Results,HMF,2018-10-13T08:00:00Z,10,13,6
H,Hartford,"Sat, 10/13 08:00",5K,Eversource Hartford Marathon,".$25, $20 18-22, $15 5-17 through 1/1, $30, $25 18-22, $15 5017 through 7/15, $35, $30 18-22, $15 5-17 through 9/27, $38, $33 18-22, $20 5-17 after",Results,HMF,2018-10-13T08:00:00Z,10,13,6
L,Cornwall,"Sat, 10/13 10:00",5K,Little Guild Run & Wag,TBD,Results,Greystone,2018-10-13T10:00:00Z,10,13,6
NL,Stonington,"Sat, 10/13 10:00",5K,St. Michael's School,TBD,Results,SNERRO,2018-10-13T10:00:00Z,10,13,6
H,Glastonbury,"Sun, 10/14 09:30",5K,Angry Orchard 5K,"$30, $40 day of",Results,It's Your Race,2018-10-14T09:30:00Z,10,14,7
M,Killingworth,"Sun, 10/14 10:00",30K,Chatfield Hollow Trail Race,"$55 through 1/31, $60 after",Results,Ultra Sign Up,2018-10-14T10:00:00Z,10,14,7
M,Killingworth,"Sun, 10/14 10:00",20K,Chatfield Hollow Trail Race,"$50 through 1/31, $55 after",Results,Ultra Sign Up,2018-10-14T10:00:00Z,10,14,7
M,Killingworth,"Sun, 10/14 10:00",10K,Chatfield Hollow Trail Race,"$45 through 1/31, $50 after",Results,Ultra Sign Up,2018-10-14T10:00:00Z,10,14,7
M,Killingworth,"Sun, 10/14 10:00",5K,Chatfield Hollow Trail Race,"$40 through 1/31, $45 after",Results,Ultra Sign Up,2018-10-14T10:00:00Z,10,14,7
W,Pomfret,"Sat, 10/20 09:00",20M,Tackle The Trail,.$80,Results,Last Mile,2018-10-20T09:00:00Z,10,20,6
F,Norwalk,"Sat, 10/20 09:00",13.1M,SoNo Half Marathon and 5K,"$50, $45 under 18",Results,ChronoTrack,2018-10-20T09:00:00Z,10,20,6
F,Norwalk,"Sat, 10/20 09:10",5K,SoNo Half Marathon and 5K,"$30, $25 under 18",Results,ChronoTrack,2018-10-20T09:10:00Z,10,20,6
NH,Meriden,"Sat, 10/20 09:00",5K,Loredana Nesci Memorial Race,.$25,Results,Empire TC,2018-10-20T09:00:00Z,10,20,6
M,Essex,"Sat, 10/20 09:15",5K,Ivoryton Pumpkin Chase,TBD,Results,Rat Race,2018-10-20T09:15:00Z,10,20,6
H,Hartford,"Sun, 10/21 09:00",5K,Michael E Walsh Memorial 5K,.$25,Results,First Mile,2018-10-21T09:00:00Z,10,21,7
NH,New Haven,"Sun, 10/21 09:00",5K Obs,Denali Run the Gauntlet,TBD,Results,JB Sports,2018-10-21T09:00:00Z,10,21,7
F,Trumbull,"Sun, 10/21 09:15",5K,Great Pumpkin Classic,TBD,Results,Last Mile,2018-10-21T09:15:00Z,10,21,7
NL,Norwich,"Sat, 10/27 08:00",5K,Three Rivers Young Marines DDR Dash,"$25,  $20 youth,  $35 raceday,  $30 youth raceday",Results,It's Your Race,2018-10-27T08:00:00Z,10,27,6
H,Hartland,"Sat, 10/27 09:00",5K,Hartland Harvest Run,.$25,Results,First Mile,2018-10-27T09:00:00Z,10,27,6
H,Glastonbury,"Sun, 10/28 09:00",3.33M,The Devil Made Me Do It,.$25,Results,First Mile,2018-10-28T09:00:00Z,10,28,7
H,Glastonbury,"Sun, 10/28 09:00",6.66M,The Devil Made Me Do It,.$25,Results,First Mile,2018-10-28T09:00:00Z,10,28,7
F,Norwalk,"Sun, 10/28 09:00",5K,Rowayton 5K and Monster Dash,.$30,Results,Run Sign Up,2018-10-28T09:00:00Z,10,28,7
NH,New Haven,"Sun, 10/28 09:00",4M,Knights of St. Patrick,"$27,  $32 raceday",Results,NA,2018-10-28T09:00:00Z,10,28,7
F,Brookfield,"Sun, 10/28 00:00",5K,Brookfield Halloween 5K,TBD,Results,USAXC,2018-10-28T00:00:00Z,10,28,7
M,Haddam,"Sun, 10/28 13:00",5K,Pumpkin Run,TBD,Results,HMF,2018-10-28T13:00:00Z,10,28,7
NH,Guilford,"Sat, 11/03 00:00",5K,APK Charities,TBD,Results,Rat Race,2018-11-03T00:00:00Z,11,3,6
H,Wethersfield,"Sun, 11/04 09:00",5K,Jamie's Run,TBD,Results,JB Sports,2018-11-04T09:00:00Z,11,4,7
H,East Windsor,"Sat, 11/10 10:00",5K,East Windsor Veterans Day Race,TBD,Results,Platt,2018-11-10T10:00:00Z,11,10,6
T,Coventry,"Sat, 11/10 10:00",4M,Veterans Day Patriots Race,"$30, $35 close to race date",Results,irunCT,2018-11-10T10:00:00Z,11,10,6
F,Fairfield,"Sun, 11/11 09:00",5K,Colony Grill Hot Oil Race,TBD,Results,Start line,2018-11-11T09:00:00Z,11,11,7
T,Union,"Sun, 11/11 10:00",5K,Union Strides for Scholars,.$25,Results,First Mile,2018-11-11T10:00:00Z,11,11,7
H,Rocky Hill,"Sun, 11/11 09:00",3M,Verterans Day Classic 3 Mile,.$27,Results,Clubct?,2018-11-11T09:00:00Z,11,11,7
NH,Cheshire,"Sat, 11/17 00:00",5K,Hot Coco,TBD,Results,JB Sports,2018-11-17T00:00:00Z,11,17,6
L,Litchfield,"Sat, 11/17 10:00",13.1M,Hillacious Half,.$50,Results,Fast Track,2018-11-17T10:00:00Z,11,17,6
W,Sterling,"Sat, 11/17 10:00",5K,Turkey Can Can,.$25,Results,First Mile,2018-11-17T10:00:00Z,11,17,6
NL,Waterford,"Sat, 11/17 09:30",5K,High School Turkey Race,TBD,Results,SNERRO,2018-11-17T09:30:00Z,11,17,6
NH,Southbury,"Thu, 11/22 00:00",5K,Southbury Turkey Trot,TBD,Results,Fast Track,2018-11-22T00:00:00Z,11,22,4
NH,Branford,"Thu, 11/22 00:00",5K,Branford Rotary & YMCA Thanksgiving 5K,TBD,Results,JB Sports,2018-11-22T00:00:00Z,11,22,4
F,Greenwich,"Thu, 11/22 09:00",5M,Beachfront Bushwhack,TBD,Results,Clubct,2018-11-22T09:00:00Z,11,22,4
NL,Norwich,"Sun, 11/25 10:00",5K,PB Dialysis 5K,TBD,Results,SNERRO,2018-11-25T10:00:00Z,11,25,7
L,Bethlehem,"Sat, 12/01 10:00",5K,Santa Made Me Do It,"$25, $30 raceday",Results,First Mile,2018-12-01T10:00:00Z,12,1,6
NL,Norwich,"Sat, 12/01 11:00",5K,Norwich Winterfest,"$25, $20 18-22, $15 5-17 through 1/1, $30, $25 18-22, $15 5-17 through 11/14, $35, $30 18-22, $20 5-17 after",Results,HMF,2018-12-01T11:00:00Z,12,1,6
H,Berlin,"Sat, 12/01 11:00",2M,Berlin Tinsel Fun Run,TBD,Results,Nest Timing,2018-12-01T11:00:00Z,12,1,6
H,West Hartford,"Sun, 12/02 10:30",5K,Blue Back Mitten Run,"$25, $20 18-22, $15 5-17 through 1/1, $30, $25 18-22, $15 5-17 through 11/22, $35, $30 18-22, $20 5-17 after",Results,HMF,2018-12-02T10:30:00Z,12,2,7
NL,Waterford,"Sun, 12/02 11:00",5M,Pearl Harbor Masters,TBD,Results,SNERRO,2018-12-02T11:00:00Z,12,2,7
H,Glastonbury,"Sun, 12/02 12:00",3.5M,Glastonbury Santa Run,TBD,Results,Last Mile,2018-12-02T12:00:00Z,12,2,7
NH,New Haven,"Sun, 12/09 00:00",5K,Christopher Martin's Run for Children,TBD,Results,JB Sports,2018-12-09T00:00:00Z,12,9,7
F,Greenwich,"Sun, 12/09 09:00",3M,Jingle Bell Jog,TBD,Results,Clubct,2018-12-09T09:00:00Z,12,9,7
